Année,Date,Durée,Lieu,Labo/Structure,Code Thème,Thématique,Formateurice,Public,Nb de personnes formées,Précisions éventuelles
2019,43605,01:30:00,Marseille,CRMBM/institut Fresnel,DR,DR,CSD,EC,3,sensibilisation  - état des lieu DR
2019,43608,01:30:00,Marseille,CRCM,DR,DR,CSD,IST,3,présentation DR
2019,43612,01:00:00,Aix ,LPL,DR,DR,CSD,EC,20,"sensibilisation à la SO, la GDR"
2019,43634,01:00:00,Marseille,Seminaire Millora,DR,DR,CSD,EC,15,table ronde
2019,43662,01:00:00,Marseille,IM2B,DR,DR,CSD,EC,1,présentation DR
2019,43664,02:00:00,Marseille,CIML,DR,DR,CSD,IST,1,sensibilisation CIML Luminy
2019,43717,02:30:00,Aix,SoMuM,DR,DR,CSD,EC,1,Espaces et sociétés en mutation Méditerranée-Afrique - sensibilisation Sylvie Mazzella
2019,43717,02:00:00,Aix,Maison de la recherche,DR,DR,CSD,IST,4,sensibilisation  - état des lieu DR
2019,43773,02:30:00,Marseille,LPED,DR,DR,CSD,EC,15,formation DMP OPIDoR
2019,43781,01:00:00,Aix ,MMSH,DR,DR,CSD,EC,15,intervention DR semaine DATA PUD AMU
2019,43797,01:00:00,Lyon,Enssib,DR,DR,CSD,IST hors AMU,12,intervention enssib DR
2020,43846,02:00:00,Aix,LID2MS,HAL,HAL,IG,EC,1,formation organisée à la demande de Blandine Chelini-Pont pour projet PUAM
2020,43854,02:00:00,Aix,LESA,HAL,HAL,IG,EC,2,formation organisée à la demande du LESA (Natacha Mauric)
2020,43860,01:30:00,Aix,CAER,HAL,HAL,IG,EC,1,formation organisée à la demande d'Estelle Variot
2020,43866,00:30:00,Aix,LESA,HAL,HAL,IG,EC,1,formation organisée à la demande d'Anna Guillo
2020,43866,01:00:00,Aix,LPCPP,HAL,HAL,IG,EC,1,formation organisée à la demande de Delphine Scotto Di Vettimo
2020,43871,02:30:00,Marseille,CERESS,HAL,HAL,IG et JC,EC,6,"formation organisée à la demande de Julie Berbis, aucune demande d'observateur"
2020,43872,01:30:00,Marseille,LNC,HAL,HAL,JC,EC,2,formation organisée à la demande de Mireille Beisson
2020,43873,00:45:00,Aix,GREDIAUC,HAL,HAL,IG,EC,12,formation / réunion en réunion de labo
2020,43878,01:00:00,Aix,LERMA,HAL,HAL,IG,EC,11,formation / réunion axée questions juridiques en réunion de labo à la demande d'Anne Page
2020,43879,01:15:00,Aix,IDEMEC,HAL,HAL,IG,EC,8,"formation en présence de Nicole Isnardon, référente HAL"
2020,43881,01:00:00,Aix,INP,HAL,HAL,IG,EC,1,formation de Nadia Merad
2020,43892,01:00:00,Aix,LPL,DR,DR,CSD,EC,20,sensibilisation GDR et présentation DMP OPIDoR
2020,43892,01:00:00,Aix,LPCPP,HAL,HAL,IG,EC,2,formation individuelle à la demande de Guy Gimenez
2020,43894,01:45:00,Aix,CAER,HAL,HAL,IG,EC,1,formation individuelle à la demande d'Estelle Variot
2020,43896,02:00:00,Marseille,Doctorants,SO,Enjeux de la publication ,MD,D,10,formation en présentiel pour les doctorants en anglais 
2020,43901,02:00:00,visio,ANR,DR,"PGD, DMP OPIDoR",CSD,EC,12,formation aux lauréats ANR 2019
2020,43903,03:00:00,Marseille,"DRV, PUD AMU, jeune chercheur",DR,PGD,CSD,IST,9,DMP OPIDoR
2020,43906,00:45:00,visio,LPCPP,DR,"SO, DR",CSD,EC,1,principes de la SO
2020,43932,02:30:00,Visio,LNC,DR,"GDR, SO",CSD,IST,1,formation de formateur pour accompagner à la SO
2020,43951,05:15:00,visio,doctorants,SO,Enjeux de la publication ,IG,D,6,formations individuelles à distance (total pour avril 2020)
2020,43962,01:00:00,Visio,Institut Favoreu,HAL,HAL,IG,EC,1,formation individuelle à la demande d'Aurélie Duffy
2020,43985,01:15:00,Visio,doctorants,SO,Enjeux de la publication ,MD,D,1,formation individuelle en anglais
2020,43985,01:15:00,Visio,LESA,HAL,HAL,IG,EC,1,formation individuelle à la demande de Gilles Suzanne
2020,43992,00:40:00,visio,LPS,DR,GDR,CSD,EC,1,comment intégrer la GDR à un projet de recherche
2020,43993,02:00:00,visio,ANR,DR,"PGD, DMP OPIDoR",CSD,EC,9,formation aux lauréats ANR 2019
2020,43997,01:30:00,Visio,LPED,HAL,HAL,IG,EC,6,formation en groupe à la demande du LPED
2020,44001,02:00:00,Visio,LPED,HAL,HAL,IG,EC,4,formation en groupe à la demande du LPED
2020,44005,00:30:00,Visio,LPED,HAL,HAL,IG,EC,1,formation individuelle à la demande du LPED - IdHAL et question juridique
2020,44012,09:00:00,Visio,doctorants,SO,Enjeux de la publication ,IG,D,10,formations individuelles à distance (total pour mai 2020)
2020,44022,01:15:00,Visio,LPED,HAL,HAL,IG,EC,2,formation individuelle à la demande du LPED
2020,44075,01:00:00,Aix ,SCD,HAL,HAL,IG,IST,1,"formation individuelle d'Amélie Guardiola, nouvelle collègue au SCD"
2020,44077,01:30:00,Marseille,ProtisValor,DR,Science Ouverte PGD,CSD  ,IST,8,formation d'un labo au DMP et à l'outil DMP OPIDoR
2020,44090,02:00:00,Visio,MIO,DR,"PGD, DMP OPIDoR",CSD,EC,1,PGD
2020,44102,00:45:00,visio,ICR,SO,dépot dossier APP PIA PPR AMR,CSD,EC,1,comment intégrer la SO à un AAP
2020,44116,0.083333333333333329,Visio,doctorants,SO,Enjeux de la publication ,IG,D,3,formations en groupe pour les doctorants 
2020,44145,00:15:00,Visio,CRMBM,HAL,HAL,IG,EC,1,formation individuelle à la demande de Virginie Callot
2020,44151,02:00:00,Visio,IM2NP,HAL,HAL,IG,EC,5,formation individuelle à la demande de la directrice du labo
2020,44154,02:30:00,Visio,formation continue ,SO,SO,CSD et IG,IST,18,"formation organisée avec la Gpeec AMU ""découvrir la SO"""
2020,44158,02:00:00,Visio,IM2NP,HAL,HAL,IG et JC,EC,10,formation individuelle à la demande de la directrice du labo
2020,44159,03:00:00,Visio,Media Centre Ouest ,HAL,Promotion de l'AO auprès des chercheurs ,IG,IST hors AMU,8,formation à la demande de Media Centre Ouest 
2020,44160,00:30:00,Visio,LPS,HAL,HAL,IG,EC,1,formation individuelle de Sara Jaubert suite formation DRH découvrir la SO
2020,44161,03:00:00,Visio,Media Centre Ouest ,HAL,Promotion de l'AO auprès des chercheurs ,IG,IST hors AMU,8,formation à la demande de Media Centre Ouest 
2020,44168,02:00:00,visio ,MMSH,SO,SO et thèses,CSD et IG,D et IST,122,Séminaire MMSH : La question des thèses dans les bibliothèques de recherche : entre littératur grise et données de la recherche
2020,44181,0.083333333333333329,Visio,doctorants,SO,Enjeux de la publication ,IG,D,3,formations en groupe pour les doctorants 
2020,44183,09:09:59,visio,gestionnaires collection,HAL,HAL,"MD,JC et IG",Gestionnaires,13,total formations en 2020 pour les gestionnaires de collection HAL AMU
2021,44210,02:00:00,visio ,Doctorants,SO,Enjeux de la publication ,IG,D,13,formation organisée en visio en lien avec le Collège doctoral
2021,44218,01:00:00,Visio,Doctorants,DR,SO DR,CSD,D,11,"session 1, module 1 formation doctorale DR"
2021,44221,02:00:00,visio ,Doctorants,SO,Enjeux de la publication ,IG,D,14,formation organisée en visio en lien avec le Collège doctoral
2021,44221,00:30:00,visio ,MADIREL,HAL,HAL. Niveau 1,JC  ,Gestionnaires,1,formation gestionnaire (rajout MH 07/01/2022)
2021,44224,01:30:00,visio ,Enssib,SO,SO et publications ,IG,IST hors AMU,19,formation à la demande de l'ENSSIB pour les DBC
2021,44229,00:45:00,visio ,Enssib,SO,SO et publications ,IG,IST hors AMU,1,formation approfondie suite formation du 28/01 à la demande de l'ENSSIB 
2021,44230,00:30:00,visio ,Doctorants,SO,Enjeux de la publication ,IG,D,1,formation organisée en visio en lien avec le Collège doctoral
2021,44230,00:30:00,visio ,CERGAM,HAL,HAL QJ,IG ,EC,1,formation individuelle en visio
2021,44231,01:00:00,visio ,IEP,SO,Enjeux de la publication ,IG ,IST hors AMU,1,formation individuelle en visio
2021,44237,00:30:00,visio ,IST hors AMU,JU,questions juridiques HAL,IG,IST hors AMU,1,formation individuelle en visio
2021,44224,01:00:00,visio ,Doctorants,DR,SO DR,CSD,D,11,"session 2, module 1 formation doctorale DR"
2021,44237,01:00:00,visio ,Doctorants,DR,SO DR,CSD,D,2,module 1 formation doctorale DR session rattrapage
2021,44238,02:40:00,visio ,ANR,DR,"PGD, DMP OPIDoR",CSD,EC,17,formation aux lauréats ANR 
2021,44243,02:30:00,visio ,ANR,DR,"PGD, DMP OPIDoR",CSD,EC,13,formation aux lauréats ANR
2021,15/02/2021,02:00:00,visio ,IST hors AMU,HAL,HAL QJ,IG,IST hors AMU,4,formation en visio
2021,15/02/2021,00:30:00,visio ,LPED,HAL,HAL,IG,EC,1,formation individuelle
2021,15/02/2021,00:15:00,visio ,LPED,HAL,HAL,IG,EC,1,formation individuelle
2021,16/02/2021,00:15:00,visio ,LPED,HAL,HAL,IG,EC,1,formation individuelle
2021,16/02/2021,01:00:00,visio ,LESA,HAL,HAL,IG,D,1,formation individuelle
2021,18/02/2021,02:15:00,visio ,LPED,HAL,HAL ORCID,IG et Carine Dou Goarin,EC,13,formation en binôme avec Carine Dou Goarin
2021,23/02/2021,00:30:00,visio ,Unité de Neurobiologie des canaux ioniques et de la Synapse,HAL,HAL,JC,EC,1,
2021,23/02/2021,01:10:00,visio ,LPED,HAL,HAL et IdHal,IG,EC,1,formation individuelle
2021,44258,01:00:00,visio ,IST hors AMU,HAL,HAL questions juridiques,IG,IST hors AMU,1,formation individuele pour collègue de l'Université de Lille
2021,44258,00:45:00,visio ,MMSH,JU,questions juridiques open access,IG,EC,1,formation individuelle 
2021,44258,01:00:00,visio ,LPED,HAL,IDHAL,MD ,EC,1,"formation individuelle, IG en observatrice"
2021,44259,00:45:00,visio ,LAMES,HAL,HAL,IG,EC,1,formation individuelle
2021,44253,02:00:00,visio ,Doctorants,DR,DR,CSD,D,11,module 2 formation doctorale DR
2021,44259,02:00:00,visio ,Doctorants,DR,DR,CSD,D,13,module 2 formation doctorale DR
2021,44264,02:30:00,visio ,ANR,DR,"PGD, DMP OPIDoR",CSD,EC,17,formation aux lauréats ANR
2021,44267,02:00:00,visio ,Doctorants,DR,"PGD, DMP OPIDoR",CSD,D,10,module 3 formation doctorale DR
2021,44273,02:00:00,visio ,Doctorants,DR,"PGD, DMP OPIDoR",CSD,D,13,module 3 formation doctorale DR
2021,44281,02:30:00,visio ,ANR,DR,"PGD, DMP OPIDoR",CSD,EC,8,formation aux lauréats ANR
2021,44263,01:00:00,visio ,Doctorants,HAL,Déposer dans HAL ,IG,D,14,formation pour le collège doctoral - session du matin
2021,44263,01:00:00,visio ,Doctorants,HAL,Déposer dans HAL ,IG,D,10,formation pour le collège doctoral - session de l'aprem
2021,44264,01:15:00,visio ,EC et IST AMU,HAL,RDV de la DRV - bonus recherche,IG et Carine Dou Goarin,EC et IST,93,formation dans le cadre du RDV de la DRV spécial bonus recherche. (Précision IG : 50 EC et 43 IST. Rajout MH 07/01/2022)
2021,44266,00:45:00,visio ,CEA,HAL,Assistance HAL,JC,Gestionnaire,1,
2021,44271,03:00:00,visio ,IST AMU,SO,inititation à la SO,"CSD, JC et IG",IST AMU,26,formation en visio pour le CRFCB
2021,44270,02:30:00,visio ,CNRS,SO,découvrir la SO,CSD et IG,IST hors AMU,14,"formation visio, possible mise en place travail collectif SPV/CSO : unités mixtes "
2021,44273,00:30:00,visio ,CDE,HAL,HAL ,IG,Gestionnaire,1,
2021,44277,00:45:00,visio ,INP,HAL,HAL questions juridiques,IG,Gestionnaire,1,
2021,44279,00:45:00,visio ,Labex DRIIHM,DR,DMP,CSD,"D, EC et IST AMU + hors AMU",44,séminaire Data-Driihm intervention présentation PGD et services CSO. (Précision CSD :  Sur les 44 environ 30 EC et 14 IST. Rajout MH 07/01/2022)
2021,44279,01:30:00,visio ,CAER,HAL,HAL,IG,EC,1,
2021,44294,02:30:00,visio ,ANR,DR,"PGD, DMP OPIDoR",CSD,EC,7,formation aux lauréats ANR
2021,44314,00:45:00,visio ,LBA,HAL,HAL. Niveau 1,JC  ,Gestionnaires,1,formation gestionnaire (rajout MH 07/01/2022)
2021,44315,02:30:00,visio ,ANR,DR,"PGD, DMP OPIDoR",CSD,EC,7,formation aux lauréats ANR
2021,16/04/2021,01:00:00,visio ,CEFF,HAL,HAL questions juridiques,IG,D,1,formation individuelle
2021,19/04/2021,00:45:00,visio ,LPED,HAL,HAL questions juridiques,IG,EC,1,formation individuelle. (Précision IG : 1 EC. Rajout MH 07/01/2022)
2021,20/04/2021,01:00:00,visio ,EC et IST AMU,HAL,RDV HAL AMU,IG,EC et IST,10,formation organisée avec la Gpeec AMU. (Précision IG :  8 EC et 2 IST. Rajout MH 07/01/2022)
2021,20/04/2021,00:45:00,visio ,LERMA,HAL,HAL questions juridiques,IG,EC et gestionnaire,2,formation en visio
2021,21/04/2021,00:45:00,visio ,LPCPP,HAL,HAL questions juridiques,IG,EC,1,formation individuelle
2021,22/04/2021,02:15:00,visio ,SESSTIM,HAL,HAL et la visibilité des chercheurs,IG et Carine Dou Goarin,EC,6,formation pour le Sesstim
2021,27/04/2021,01:00:00,visio ,EC et IST AMU,HAL,RDV HAL AMU,IG,EC et IST,13,formation organisée avec la Gpeec AMU (Précision IG :  10 EC et 3 IST. Rajout MH 07/01/2022)
2021,29/04/2021,00:30:00,visio ,CDE,HAL,HAL questions juridiques,IG,Gestionnaire,1,formation individuelle de la chargée de dépôt pour le CDE
2021,29/04/2021,00:45:00,visio ,Telemme,HAL,HAL questions juridiques,IG,EC,1,formation individuelle 
2021,29/04/2021,01:00:00,viso,IST hors AMU,HAL,HAL ,IG,IST hors AMU,1,formation individuelle pour une collègue des PU de Montpellier. (Précision IG :  doublon avec autre. Rajout MH 07/01/2022)
2021,44319,00:30:00,viso,Telemme,HAL,HAL ,JC,EC,1,formation individuelle
2021,44319,00:30:00,visio ,Maison de la recherche,HAL,HAL,IG,IST AMU,1,formation individuelle
2021,44320,00:15:00,visio ,ProtisValor,HAL,HAL,IG,IST AMU,1,formation individuelle 
2021,44320,01:00:00,visio ,EC et IST AMU,HAL,RDV HAL AMU,IG,EC et IST,11,formation organisée avec la Gpeec AMU. (Précision IG :  9 EC et 2 IST. Rajout MH 07/01/2022)
2021,44320,00:15:00,visio ,INT,HAL,HAL ,IG,IST AMU,1,formation individuelle
2021,44320,00:30:00,visio ,PIIM,HAL,HAL,IG,IST AMU,1,formation individuelle
2021,44323,00:40:00,visio ,LPL,HAL,HAL. Niveau 1,JC  ,Gestionnaires,1,formation gestionnaire Joëlle LAVAUX (rajout MH 07/01/2022)
2021,44327,01:15:00,visio ,EC et IST AMU,HAL,RDV HAL AMU,IG,EC et IS AMU,9,formation organisée avec la Gpeec AMU (Précision IG :  8 EC et 1 IST. Rajout MH 07/01/2022)
2021,44327,00:45:00,visio ,LPCPP,HAL,HAL questions juridiques,IG,EC,1,formation individuelle 
2021,44327,01:00:00,visio ,LPCPP,HAL,HAL questions juridiques,IG,EC,1,formation individuelle
2021,44327,01:00:00,visio ,ProtisValor,HAL,HAL ,IG,IST AMU,10,formation pour HAL et les projets européens 
2021,44327,00:45:00,visio ,LERMA,HAL,HAL,IG,EC,1,formation individuelle
2021,19/05/2021,01:00:00,visio ,MMSH,HAL,HAL,IG,IST AMU,1,formation individuelle 
2021,19/05/2021,00:30:00,visio ,IST hors AMU,HAL,HAL,IG,IST hors AMU,1,formation individuelle 
2021,20/05/2021,01:00:00,visio ,IST hors AMU,HAL,HAL et presses universitaires,IG,IST hors AMU,9,formation pour Mediad'Oc
2021,26/05/2021,03:00:00,visio ,Doctorants AMU/hors AMU,DR,éthique dans projets européens,"Caroline Strube, Delphine Cavallo,  CSD",Doctorants AMU/hors AMU,12,"Formation dans le cadre de Twinnnigs H2020 sur l'éthique dans les projets H2020, la GDR et le DMP. (Précision CSD :  Sur les doctorants 2 AMU et 10 hors AMU environ. Rajout MH 07/01/2022)"
2021,27/05/2021,03:30:00,visio ,Doctorants AMU/hors AMU,DR,éthique dans projets européens,"Delphine Cavallo,  CSD",Doctorants AMU/hors AMU,8,"Formation dans le cadre de Twinnnigs H2020 sur l'éthique dans les projets H2020, la GDR et le DMP. (Précision CSD :  Sur les doctorants 2 AMU et 6 hors AMU environ. Rajout MH 07/01/2022)"
2021,,06:00:00,visio,projet Bifrost - I2M,DR,"GDR, dépôt Zenodo, Data paper",CSD,Chercheur,1,plusieurs RDV sur plusieurs semaines pour déposer dans Zenodo et faire un Data paper
2021,28/05/2021,01:00:00,visio,"UMR Droits international, comparé et européen (DICE) Equipe CERIC ",DR,DMP OPIDoR,CSD,C / Post doct,2,Aurélie Mahalatchimy et Eloïse Gennet formation DMP
2021,44348,00:45:00,visio ,LBA,HAL,HAL. Niveau 1,JC  ,Gestionnaires,1,formation gestionnaire V. OSMONT (rajout MH 07/01/2022)
2021,44349,01:00:00,visio ,CNE,HAL,HAL et presses universitaires,IG,EC,2,revue Culture et Musées sur HAL 
2021,14/06/2021,01:00:00,visio ,cellule Europe,DR,DMP,CSD,IST,3,DMP RIS4CIVIS
2021,16/06/2021,01:30:00,visio ,MMSH,HAL,HAL et presses universitaires,IG,IST AMU,1,formation individuelle 
2021,22/06/2021,00:30:00,visio ,CNE,HAL,HAL et presses universitaires,IG,IST AMU,1,formation individuelle 
2021,44382,00:45:00,visio ,EC hors AMU,HAL,HAL questions juridiques ,IG,EC hors AMU,1,formation individuelle 
2021,44446,01:15:00,,EC,HAL,HAL et la visibilité des chercheurs,IG et Carine Dou Goarin,EC,27,formation pour le BIAM (CEA)
2021,28/09/2021,03:00:00,visio ,C,DR,"PGD, DMP OPIDoR",CSD,C,12,formation DMP organisée avec le SPV CNRS lauréats ANR CNRS. (Précision CSD :   porteurs de projets mais je ne connais pas la distinction IS. Majorité de chercheurs je pense. Rajout MH 07/01/2022)
2022,15/10/2021,03:00:00,visio ,C,DR,"PGD, DMP OPIDoR",CSD,C,8,formation DMP organisée avec le SPV CNRS lauréats ANR CNRS. (Précision CSD :   porteurs de projets mais je ne connais pas la distinction IS. Majorité de chercheurs je pense. Rajout MH 07/01/2022)
2021,44470,01:15:00,visio ,MMSH,HAL,HAL,IG,IST AMU,1,formation individuelle pour SOMUM
2021,44480,01:00:00,visio ,CDE,HAL,HAL,IG,EC,8,formation en visio à la demande du labo
2021,20/10/2021,00:30:00,visio ,SCD - département sciences ,HAL,HAL,IG,BU,1,formation de Caroline Peron pour co-animer formation D en anglais 
2021,20/10/2021,02:00:00,MMSH,SOMUM,HAL,HAL,IG ,IST AMU,1,formation en présentiel à la MMSH pour projet SOMUM
2021,25/10/2021,01:00:00,BU Fenouillères,SCD ,HAL,HAL,IG ,IST hors AMU,1,"formation de M.Seck, bibliothécaire archiviste à Dakar et actuellement stagiaire à la BU Droit"
2021,26/10/2021,01:45:00,viso,MMSH,JU,questions juridiques publications ,IG ,IST AMU ,1,formation individuelle à la demande pour accompagement juridique d'un projet éditorial 
2021,15/11/2021,02:00:00,visio ,IM2NP,HAL,HAL ,JC et IG ,EC,6,formation en visio à la demande du labo
2021,22/11/2021,02:00:00,visio ,Doctorants AMU,SO,enjeux de la publication scientifique en anglais,IG et Caroline Peron,D,11,formation pour les doctorants en anglais 
2021,22/11/2021,01:00:00,visio ,Doctorants AMU,HAL,Déposer dans HAL en anglais,IG et Caroline Peron,D,11,formation pour les doctorants en anglais 
2021,44525,02:30:00,visio ,EC AMU lauréats ANR,DR,"PGD, DMP OPIDoR",CSD,EC,10,formation aux lauréats ANR
2021,29/11/2021 ,01:15:00,visio ,EC AMU,HAL,HAL ,IG,EC,6,"formation pour le BIAM, équipe LEMIRE"
2021,44532,00:45:00,visio ,EC hors AMU,HAL,HAL ,IG,EC,1,formation dans le cadre d'OpenDoctrine
2021,44533,02:30:00,visio ,EC AMU lauréats ANR,DR,"PGD, DMP OPIDoR",CSD,EC,5,formation aux lauréats ANR
2021,44532,02:30:00,visio ,EC AMU lauréats ANR,DR,"PGD, DMP OPIDoR",CSD,EC,8,formation aux lauréats ANR
2021,44539,02:00:00,St Charles,équipe civis,SO,SO,CSD et IG,IST AMU ,2,consulting SO
2021,44539,02:00:00,St Charles,équipe cedre,SO,SO,CSD et IG,IST AMU ,3,senbilisation SO
2021,44543,02:30:00,visio ,EC AMU lauréats ANR,DR,"PGD, DMP OPIDoR",CSD,EC,5,formation aux lauréats ANR
2021,13/12/2021,02:00:00,visio ,Personnels administratifs AMU,JU,formation aux bases de données juridiques,IG,Personnels administratifs AMU,12,"formation organisée avec l'appui de la DRH AMU. (Précision IG :  formation CSO hors Science ouverte, documentation électronique. Rajout MH 07/01/2022)"
2021,14/12/2021,01:00:00,visio ,IST hors AMU,HAL,HAL ,IG,IST hors AMU,1,formation pour une collègue bibliothécaire de Toulouse
2021,16/12/2021,00:45:00,visio ,IST hors AMU,HAL,HAL,IG,IST hors AMU,1,formation pour un collègue de Toulon 
2022,44565,01:00:00,visio ,LPED,HAL ,HAL,IG,EC,1,formation questions juridiques pour déposer ouvrages
2022,44566,01:30:00,visio ,CAER,HAL ,HAL,IG,EC,1,
2022,44567,02:00:00,visio ,Doctorants AMU,SO,enjeux de la publication scientifique,IG,D,15,formation à distance
2022,44572,01:00:00,visio ,EC et IST AMU,HAL ,RDV HAL AMU,IG,EC et IST AMU,3,formation de 2 chercheurs AMU et 1 IST AMU
2022,44572,00:45:00,viso,IST AMU,HAL ,HAL ,IG,IST AMU ,1,formation individuelle spécifique suite à RDV HAL AMU
2022,44575,01:30:00,visio ,MESOPOLHIS,HAL ,HAL,IG,EC AMU,1,formation individuelle
2022,17/01/2022,01:30:00,visio ,Doctorants AMU ,DR,formation doctorale module 1,CSD,D ,8,formation DR docto : session module 1
2022,20/01/2022,01:00:00,visio ,LPC,HAL ,HAL,IG,EC,1,formation individuelle
2022,24/01/2022,03:00:00,visio ,Doctorants AMU ,DR,formation doctorale module 2,CSD,D ,7,formation DR docto : session module 2
2022,27/01/2022,01:00:00,visio ,LDPSC,HAL ,HAL,IG,EC,1,formation individuelle
2022,27/01/2022,00:30:00,visio ,LPED,HAL ,HAL,IG,EC,1,formation individuelle
2022,31/01/2022,01:30:00,visio ,CERGAM,HAL ,HAL,IG,EC,1,formation individuelle
2022,31/01/2022,01:15:00,visio ,LPCPP,HAL ,HAL,IG,EC,1,formation individuelle
2022,44593,03:00:00,visio ,Doctorants AMU ,DR,formation doctorale module 3,CSD,D ,7,formation DR docto : session module 2
2022,44602,02:30:00,visio ,EC/IST,DR,DMP,CSD,EC/IST,8,lauréats equipex+ / PIA ANR (7 EC + 1 IST)
2022,44622,01:00:00,visio ,LPCPP,HAL ,QJ,IG,EC,1,formation individuelle questions juridiques sur les illustrations 
2022,44599,02:00:00,visio ,Doctorants AMU,SO,Enjeux de la publication,IG,D,14,formation en visio
2022,21/02/2022,02:00:00,visio ,ADES,HAL ,HAL,IG et Carine Dou Goarin,EC,4,formation en visio en binôme avec Carine Dou Goarin
2022,21/02/2022,01:00:00,viso,Doctorants AMU,HAL ,HAL,IG,D,13,formation en visio
2022,22/02/2022,01:30:00,visio ,EC/IST,HAL ,RDV HAL AMU ,IG,EC/IST,3,2 EC et 1 IST
2022,23/02/2022,01:00:00,visio ,EC,HAL ,QJ,IG,EC,1,formation individuelle
2022,44622,01:00:00,visio ,ADES,HAL ,HAL,IG,EC,1,formation individuelle
2022,44623,01:30:00,visio ,CERGAM,HAL ,HAL ,IG,EC,2,
2022,44627,01:00:00,visio ,CERGAM,HAL ,HAL,JC,EC,1,formation individuelle
2022,44627,02:00:00,St Charles,Doctorants,SO,enjeux de la publication scientifique ,IG,D,3,"formation en français, en présentiel à la BU Saint Charles"
2022,44628,00:45:00,visio ,CIELAM,HAL ,HAL,IG,D,1,formation individuelle
2022,44630,00:45:00,visio ,LTD,HAL ,HAL,IG,IST AMU ,1,formation individuelle pour bonus
2022,44634,02:00:00,viso,D,SO,enjeux de la publication scientifique,IG et CP,D,14,Formation en anglais en binôme avec Carline Peron
2022,44634,01:00:00,visio ,D,HAL ,HAL,IG et CP,D,9,Formation en anglais en binôme avec Carline Peron
2022,44634,00:30:00,visio ,CERIMED,HAL ,HAL,IG,EC,1,formation individuelle
2022,44635,00:45:00,visio ,IST hors AMU,SO,QJ,IG,IST hors AMU,1,formation indiviudelle pour Insep éditions sur les contrats d'édition
2022,44637,01:00:00,visio ,D,SO,HAL,IG,D,6,formation en visio
2022,44641,01:30:00,visio ,Doctorants AMU ,DR,formation doctorale module 1,CSD,D,8,formation DR docto : session 2 module 1
2022,44638,03:15:00,visio ,EC/IST CNRS,DR,DMP OPIDoR,CSD,EC/IST,17,formation DMP aux lauréats ANR CNRS (SPV) 13 EC + 4 IST
2022,44645,03:00:00,visio ,EC/IST CNRS,DR,DMP OPIDoR,CSD,EC/IST,19,formation DMP aux lauréats ANR CNRS (SPV) 15 EC + 4 IST
2022,44642,01:00:00,visio ,EC/IST,HAL ,RDV HAL AMU,IG,EC/ IST,3,2 IST et 1 EC
2022,44659,02:00:00,visio ,EC/IST CNRS,DR,DMP OPIDoR,CSD,EC,1,formation DMP aux lauréats ANR CNRS (SPV)
2022,44649,01:15:00,visio ,EC /IST,HAL ,RDV HAL AMU ,IG,EC/IST,6,2 IST et 4EC
2022,44649,01:00:00,visio ,EC / IST,HAL ,RDV de la DRV - bonus recherche,IG et Carine Dou Goarin,EC/ IST,45,12 IST et 33 EC
2022,44655,00:30:00,visio ,CERGAM,HAL ,QJ,IG,EC,1,formation pour le CERGAM
2022,44662,02:00:00,visio ,SoMuM,SO,QJ,IG,D/IST,5,4 D et 1 IST - formation sur les contrats d'édition et les licences CC
2022,44663,03:00:00,visio ,Doctorants AMU ,DR,formation doctorale module 3,CSD,D,8,formation DR docto : session 2 module 3
2022,44649,03:00:00,visio ,Doctorants AMU ,DR,formation doctorale module 2,CSD,D,11,formation DR docto : session 2 module 2
2022,44679,01:30:00,visio ,MMSH,SO,QJ,IG,IST AMU ,1,formation / questions juridiques sur les contrats d'édition et les licences CC
2022,44683,02:00:00,visio ,D,SO,enjeux de la publication scientifique en anglais,IG et CP,D,10,formation en visio en anglais en binôme avec Caroline Peron 
2022,44683,01:00:00,visio ,D,HAL ,Déposer dans HAL en anglais,IG et CP,D,6,formation en visio en anglais en binôme avec Caroline Peron 
2022,44683,00:30:00,visio ,IST AMU,HAL ,QJ,ig,IST AMU ,1,formation en visio 
2022,44684,03:00:00,visio ,EC AMU lauréats ANR,DR,DMP OPIDoR,CSD,EC,21,PGD - DMP OPIDoR
2022,44686,03:00:00,visio ,EC AMU lauréats ANR,DR,DMP OPIDoR,CSD,EC,27,PGD - DMP OPIDoR + cedre
2022,44719,03:00:00,visio ,EC AMU lauréats ANR,DR,DMP OPIDoR,CSD,EC,17,PGD - DMP OPIDoR (2 cedre inscrits mais abs)
2022,44686,01:00:00,visio ,IST hors AMU,SO,QJ,IG,IST hors AMU,1,formation sur questions juridiques contrat / diffusion OA
2022,44692,01:30:00,visio ,IST AMU,SO,QJ,IG,IST AMU ,1,formation sur questions juridiques contrat / diffusion OA
2022,44699,01:30:00,présentiel,IST AMU,SO,QJ,IG,IST AMU ,1,formation d'AMU Editions aux licences CC et contrat d'édition
2022,44700,01:30:00,visio ,SoMuM,SO,QJ,IG,D/IST,6,4 D et 2 IST - formation sur les contrats d'édition et les licences CC
2022,44701,00:30:00,visio ,LERMA,HAL ,QJ,IG,EC,1,formation en lien avec le bonus
2022,44726,03:00:00,visio ,EC AMU lauréats ANR,DR,DMP OPIDoR,CSD,EC,3,PGD - DMP OPIDoR 
2022,44728,03:00:00,visio ,EC AMU lauréats ANR,DR,DMP OPIDoR,CSD,EC,10,PGD - DMP OPIDoR 
2022,44720,01:00:00,visio ,Personnels administratifs AMU,DE et SO,rechercher dans les ressources payantes et gratuites ,IG,Personnels administratifs AMU,1,formation individuelle personnel administratif AMU à la docelec et aux ressources en accès ouvert
2022,44725,01:00:00,visio ,SoMuM,SO,QJ,IG,IST AMU ,1,formation licence CC
2022,44726,01:00:00,visio ,IST hors AMU,HAL ,QJ,IG,IST hors AMU,2,formation pour collègues UCO
2022,44732,02:00:00,visio ,D,SO,Enjeux de la publication scientifique,IG,D,14,formation en français
2022,44734,01:00:00,visio ,MMG,HAL ,HAL,IG,EC,1,formation individuelle
2022,44735,01:00:00,visio ,CERGAM,HAL ,HAL,IG,D,1,formation pour centraliser dépôts des chercheurs du CERGAM ne déposant pas
2022,44746,00:45:00,visio ,LATP,HAL ,QJ,IG,EC,1,formation individuelle
2022,44753,01:30:00,visio ,D,HAL ,HAL,IG,D,13,formation en visio
2022,44811,00:30:00,visio ,PIIM,HAL ,QJ,IG,EC,1,formation en visio
2022,44824,00:45:00,visio ,LESA,HAL ,HAL,IG,EC,1,formation en visio
2022,44826,02:00:00,visio ,M2 chimie,SO,SO,IG,M,12,formation pour les M2 chimie (coordination F. Borget)
2022,44834,02:00:00,visio ,M2 chimie,SO,SO,IG,M,12,formation pour les M2 chimie (coordination F. Borget)
2022,44837,00:30:00,visio ,LPCPP,HAL ,QJ,IG,EC,1,formation individuelle
2022,44853,01:15:00,visio ,Institu Fresnel,SO,QJ,IG,EC,1,formation questions juridiques Plan S
2022,44854,01:00:00,visio ,M2 chimie,SO,QJ,IG,M,12,formation pour les M2 chimie (coordination F. Borget) point sur les licences CC
2022,44858,00:30:00,visio ,Iméra,SO,QJ,IG,EC,1,formation pour demande de republication textes 
2022,44858,00:45:00,visio ,ADEF,HAL ,Dépôt,JC,EC,1,formation pour assistance HAL
